{"RXVJ4d8Xw4LutmECfFgy8Q==":"gofar%20logo%201-192x192.jpg","dYpq2Dz4hg02Aqa0/CpJXw==":"mbr-1200x1200.png","sKRja+xAJ4LELzpTt9g+rg==":"mbr-1920x1280.jpg","FvsH2TaWy1v4Jrfo2HHLFA==":"mbr-1920x1211.png","x+QCW2Ae2E2g7Uv2DAfegA==":"8.jpg","XqStexa3ucYeWEdbgE9USg==":"background1.jpg","Na2SuZ6+OPv5YdkKo6oakA==":"background13.jpg","9RCdG8sTYRAvTMBdrQPF8A==":"mbr-1489x1489.png","3dgAb8UPwh/o8QJ/kgnaxw==":"shop1.jpg","X2njN3VMAulfBX9K/2cyjQ==":"shop2.jpg","9PN0ZNPNoLhLhe1Hx7Dk1A==":"shop3.jpg","seQBdSNJXYdam4dXlscHGw==":"shop0.jpg","porvOfE5hpWkKLPm6fIDCA==":"shop4.jpg","XB/oyi75ZpcdBQ6O6M6+Bg==":"shop6.jpg","N2s0jLcZAPaHDsB2CS+qSw==":"mbr-1800x1200.jpg","IK+ukt9SMh/p9cf1a3nsjA==":"mbr-1-1920x1280.jpg","V+ESbCGcwP1xMhyefIjOAw==":"mbr-973x649.jpg","cIv1+yQ1yBUUVseX7GF3jg==":"mbr-1-973x649.jpg","fCQLDzoFtGf4s6BOPJZdYg==":"mbr-973x646.jpg","3QaGK4P1SufB9UVxLmEm0Q==":"toefl-297x170.jpg","Bs8Q4Ns0PC2QbYRMgq7StQ==":"pte-300x168.png","pXgdZjfL9A0b4TrbHcIHDQ==":"act-289x174.png","/0PICTwywVVUl69K7iBZGA==":"ielts-275x183.jpg","twmlYTMp7UU7F07wC+guBw==":"sat-270x187.png","0iV/QDDyz8MP0Nsrj9n1Dg==":"act-270x163.png","CVkbnp9IkYqxU6b2nRZ8ng==":"study%20in%20europe-311x162.jpg","zWGyY7QjBjJ9CjWeQObh+Q==":"study%20in%20us-259x194.jpg","/E0LbCpLwbi7KNKz/wDvjg==":"study%20in%20uk-218x231.jpg","Si+U1hLVIZAEXGmX+WgJVA==":"study%20in%20canada-275x184.jpg","FxnRjdvxXF+DjIV5qB4UeQ==":"study%20in%20australia-340x148.jpg","q/Q2ny/L8XAj4ZPgPAnJJw==":"arizona%20state%20univeristy-308x164.png","VOGgciH1zpbNgkYNtPpitg==":"havard%20university-308x164.png","28JdDBm0G+bUTmQLQ8JwMg==":"michigan%20university-284x177.png","qIOCbsSd3KxlyJS8GoZ8OQ==":"stanford%20university-225x225.png","Y6YitcyJ/rhMm0VnEGSOuA==":"ohio%20state%20university-225x225.png","9ERCjqQcpLRPzbi8ysbnRQ==":"oregon%20state%20university-324x81.png","pnlekvRCx/b+PLxDMxt+Aw==":"university%20collage-300x168.png","0giXbXJgPN8mfQ5RtOnMlg==":"university%20collage-275x183.jpg","LtulxhpHE2TZuuRNdmGV7Q==":"mbr-907x605.jpg","ptzZjpKNBgD1Z8Ub/ndGsg==":"mbr-1101x734.jpg","UI/yR3Jd56CfRV5Cbz+LEw==":"mbr-973x1460.jpg","CaeH9DqMNjZ3z/3MoSVliw==":"mbr-2-973x649.jpg","LsKC+BpFdleai1azZ7rjtw==":"mbr-973x647.jpg","bPXvryMSd0dltxfoOJFdJA==":"mbr-600x401.jpg","B59OWPXECLqfWpDZEEgaZw==":"mbr-600x379.jpg","IY+1HqzFqHmAdKI+E7rOvQ==":"mbr-600x339.jpg","orYfOWbz0u9I2nxIg6tPHA==":"mbr-1200x800.jpg","SeCkc+R0VngoE15msuku6A==":"mbr-1-1200x800.jpg","RrzCe+wUlsGN0B6oMyMSsw==":"mbr-2-1200x800.jpg","0I3pKa/9aKAL+RNBGumNmg==":"mbr-973x486.jpg","nTIxsNcY0qI/TDiUxGIzXA==":"photo-1545803928-04e3f4cdd4ed.jpeg","V1GleREcWNeEdXeBQCHFZg==":"photo-1454165804606-c3d57bc86b40.jpeg","u/rWvyVJHtMpEi0TUE6fLw==":"photo-1501349800519-48093d60bde0.jpeg","M5MNFbrjyfGs/Grnu1sCyg==":"pexels-keira-burton-6147161-1200x800.jpg","ya7/L/rIfYryUIagmjXOJA==":"pexels-keira-burton-6146960-600x400.jpg","Q+7kMwFz6ALhBjYt7bu5ng==":"photo-1509062522246-3755977927d7.jpeg","eLqAlgM1/sQYoZWI/xVDDw==":"features3.jpg","PXVaXnl1pTDVbrN8BYA2Dw==":"background3.jpg","T9J3zWa29gxQyZq7LQIlgQ==":"photo_2025-05-21_15-32-17-960x1280.jpg","O4Y+g1wWbo16HNA5dcSgPg==":"photo_2025-05-16_06-17-40-960x1280.jpg","KZ0Mw4IJdfBdz0RjsF9mpw==":"alfred%20williams-400x400.jpg","ZnTQiPm5p7FlIBDGtb4+0A==":"alfred%20photo-640x640.jpg","4t/ZQUPSu6pn6QZ2zWDR5g==":"olajumoke%20elizabeth-400x400.jpg","ptSehlYlo1wPEOM76kC75g==":"oriyomi%20sobiye-400x400.jpg","GDAHyrHdRdiXlT9tZQBdWQ==":"gre-300x128.png","jQ/Ub1sVQdMc4GyU9+gHOQ==":"gmat%202-300x129.png","sInw5NEDSEjMecnw6dB4RA==":"gmat%202-270x116.png","HdRPYAjEI1wcPiFe/SdmZQ==":"gre-270x115.png","myk/WGWobfU5avxQh7w33w==":"photo-1603354350317-6f7aaa5911c5-1.jpeg","EORcc4VBFKug29KaO45/YQ==":"photo-1524995997946-a1c2e315a42f-1.jpeg","26AMpZrYGRO+P6zP8ViWBw==":"photo-1522202176988-66273c2fd55f-1.jpeg","QCUSQ2U2hKZ3o6X5qoG8gQ==":"photo-1501504905252-473c47e087f8-1.jpeg","D1es1ziwlNO1SU7NtZ02gA==":"6.jpg","f9mowdjxKuZFmHa2nU70kg==":"background.jpg","EtQBTxr0xpxbjRnaGMEw0A==":"background.jpeg"}